[
  { "label": "Midway", "zone": "Pacific/Midway" },
  { "label": "Honolulu", "zone": "Pacific/Honolulu" },
  { "label": "Anchorage", "zone": "America/Anchorage" },
  { "label": "Los Angeles", "zone": "America/Los_Angeles" },
  { "label": "Denver", "zone": "America/Denver" },
  { "label": "Chicago", "zone": "America/Chicago" },
  { "label": "New York", "zone": "America/New_York" },
  { "label": "Santiago", "zone": "America/Santiago" },
  { "label": "Buenos Aires", "zone": "America/Argentina/Buenos_Aires" },
  { "label": "Nuuk", "zone": "America/Nuuk" },
  { "label": "Azores", "zone": "Atlantic/Azores" },
  { "label": "London", "zone": "Europe/London" },
  { "label": "Paris", "zone": "Europe/Paris" },
  { "label": "Kyiv", "zone": "Europe/Kyiv" },
  { "label": "Istanbul", "zone": "Europe/Istanbul" },
  { "label": "Dubai", "zone": "Asia/Dubai" },
  { "label": "Karachi", "zone": "Asia/Karachi" },
  { "label": "Mumbai", "zone": "Asia/Kolkata" },
  { "label": "Kathmandu", "zone": "Asia/Kathmandu" },
  { "label": "Dhaka", "zone": "Asia/Dhaka" },
  { "label": "Bangkok", "zone": "Asia/Bangkok" },
  { "label": "Singapore", "zone": "Asia/Singapore" },
  { "label": "Tokyo", "zone": "Asia/Tokyo" },
  { "label": "Adelaide", "zone": "Australia/Adelaide" },
  { "label": "Sydney", "zone": "Australia/Sydney" },
  { "label": "Noumea", "zone": "Pacific/Noumea" },
  { "label": "Auckland", "zone": "Pacific/Auckland" },
  { "label": "Nuku'alofa", "zone": "Pacific/Tongatapu" },
  { "label": "Kiritimati", "zone": "Pacific/Kiritimati" }
]